"year","sex","institution_level","num","percent"
1960,"Female","2-year",,
1960,"Male","2-year",,
1960,"Total","2-year",,
1960,"Female","4-year",,
1960,"Male","4-year",,
1960,"Total","4-year",,
1960,"Female","Total",37.919826652221,2.84572966191475
1960,"Male","Total",53.968253968254,3.23014389360188
1960,"Total","Total",45.1459201905896,2.1640796082581
1961,"Female","2-year",,
1961,"Male","2-year",,
1961,"Total","2-year",,
1961,"Female","4-year",,
1961,"Male","4-year",,
1961,"Total","4-year",,
1961,"Female","Total",41.3155190133607,2.81285068676053
1961,"Male","Total",56.3291139240506,3.14437094900609
1961,"Total","Total",48.0431083380601,2.12029277081753
1962,"Female","2-year",,
1962,"Male","2-year",,
1962,"Total","2-year",,
1962,"Female","4-year",,
1962,"Male","4-year",,
1962,"Total","4-year",,
1962,"Female","Total",43.4782608695652,2.84210511343455
1962,"Male","Total",55.045871559633,3.00174491677798
1962,"Total","Total",48.9662676822633,2.07773077438944
1963,"Female","2-year",,
1963,"Male","2-year",,
1963,"Total","2-year",,
1963,"Female","4-year",,
1963,"Male","4-year",,
1963,"Total","4-year",,
1963,"Female","Total",38.9651531151003,2.82381988953094
1963,"Male","Total",52.2670025188917,3.15862274786761
1963,"Total","Total",45.0315910396324,2.12471509144703
1964,"Female","2-year",,
1964,"Male","2-year",,
1964,"Total","2-year",,
1964,"Female","4-year",,
1964,"Male","4-year",,
1964,"Total","4-year",,
1964,"Female","Total",40.6794425087108,2.58347357188568
1964,"Male","Total",57.1715145436309,2.79250196214984
1964,"Total","Total",48.3449883449883,1.92266301732513
1965,"Female","2-year",,
1965,"Male","2-year",,
1965,"Total","2-year",,
1965,"Female","4-year",,
1965,"Male","4-year",,
1965,"Total","4-year",,
1965,"Female","Total",45.2669039145907,2.36625802811951
1965,"Male","Total",57.2567783094099,2.48933400242605
1965,"Total","Total",50.9213990221888,1.72751545361956
1966,"Female","2-year",,
1966,"Male","2-year",,
1966,"Total","2-year",,
1966,"Female","4-year",,
1966,"Male","4-year",,
1966,"Total","4-year",,
1966,"Female","Total",42.7046263345196,2.35149434179843
1966,"Male","Total",58.7406793703397,2.52500209557358
1966,"Total","Total",50.114854517611,1.74327993417615
1967,"Female","2-year",,
1967,"Male","2-year",,
1967,"Total","2-year",,
1967,"Female","4-year",,
1967,"Male","4-year",,
1967,"Total","4-year",,
1967,"Female","Total",47.2161966738973,1.9498179881946
1967,"Male","Total",57.6182136602452,2.12395736099403
1967,"Total","Total",51.9207920792079,1.44420198536046
1968,"Female","2-year",,
1968,"Male","2-year",,
1968,"Total","2-year",,
1968,"Female","4-year",,
1968,"Male","4-year",,
1968,"Total","4-year",,
1968,"Female","Total",48.9451476793249,1.92545271488634
1968,"Male","Total",63.1756756756757,2.03599080427841
1968,"Total","Total",55.4105909439754,1.41427663239356
1969,"Female","2-year",,
1969,"Male","2-year",,
1969,"Total","2-year",,
1969,"Female","4-year",,
1969,"Male","4-year",,
1969,"Total","4-year",,
1969,"Female","Total",47.248322147651,1.87857060375756
1969,"Male","Total",60.0591715976331,1.93472471376977
1969,"Total","Total",53.3427163969036,1.35923507968188
1970,"Female","2-year",,
1970,"Male","2-year",,
1970,"Total","2-year",,
1970,"Female","4-year",,
1970,"Male","4-year",,
1970,"Total","4-year",,
1970,"Female","Total",48.512225322489,1.92983063865538
1970,"Male","Total",55.1581272584821,1.9713505904809
1970,"Total","Total",51.7481563999466,1.38211539342308
1971,"Female","2-year",,
1971,"Male","2-year",,
1971,"Total","2-year",,
1971,"Female","4-year",,
1971,"Male","4-year",,
1971,"Total","4-year",,
1971,"Female","Total",49.7716934448391,1.87268815594077
1971,"Male","Total",57.6202223619502,1.93852043995651
1971,"Total","Total",53.5144323969143,1.35113502063096
1972,"Female","2-year",,
1972,"Male","2-year",,
1972,"Total","2-year",,
1972,"Female","4-year",,
1972,"Male","4-year",,
1972,"Total","4-year",,
1972,"Female","Total",45.97887843326,1.84364727590677
1972,"Male","Total",52.7389903329753,1.92260562175916
1972,"Total","Total",49.2231164068733,1.33374267210494
1973,"Female","2-year",15.2020360282937,1.30423538655279
1973,"Male","2-year",14.6247084841725,1.34338445442285
1973,"Total","2-year",14.9265092232535,0.935917681583078
1973,"Female","4-year",28.2015437838027,1.63458075997492
1973,"Male","4-year",35.4149595920012,1.81823474563589
1973,"Total","4-year",31.644111926095,1.22150660490082
1973,"Female","Total",43.4035798120965,1.80040265426112
1973,"Male","Total",50.0396680761737,1.90090528097138
1973,"Total","Total",46.5705732255824,1.31010883934796
1974,"Female","2-year",13.9173375981563,1.2526751393272
1974,"Male","2-year",16.5746875662505,1.39896474432283
1974,"Total","2-year",15.1945407854634,0.936260040586613
1974,"Female","4-year",31.9951747567511,1.68816401988093
1974,"Male","4-year",32.7768295857385,1.76594893316273
1974,"Total","4-year",32.370861832576,1.22035125197383
1974,"Female","Total",45.9125123549074,1.80350132485873
1974,"Male","Total",49.3515171519889,1.88091274020831
1974,"Total","Total",47.5653872805605,1.30255261275961
1975,"Female","2-year",17.386118525023,1.34631700508432
1975,"Male","2-year",19.0149693929553,1.46540027026091
1975,"Total","2-year",18.1599092401754,0.992240752247639
1975,"Female","4-year",31.5729562825775,1.65116704657929
1975,"Male","4-year",33.6300728342566,1.76423182106993
1975,"Total","4-year",32.5501959544304,1.20599170811813
1975,"Female","Total",48.9590748076005,1.77580538997526
1975,"Male","Total",52.645042227212,1.86452213121219
1975,"Total","Total",50.7101051946058,1.28677724783724
1976,"Female","2-year",16.5669254207305,1.37816726841469
1976,"Male","2-year",14.4940252389456,1.34242599667452
1976,"Total","2-year",15.5597876737307,0.963450373731156
1976,"Female","4-year",33.7596544271956,1.75296053800801
1976,"Male","4-year",32.7434964121107,1.78948179860692
1976,"Total","4-year",33.265944646618,1.25235238414892
1976,"Female","Total",50.3265798479261,1.8534146386014
1976,"Male","Total",47.2375216510563,1.90372302051043
1976,"Total","Total",48.8257494574973,1.32862674344371
1977,"Female","2-year",17.7765691955847,1.36355348178538
1977,"Male","2-year",17.1537167004482,1.42206052826486
1977,"Total","2-year",17.4825871660458,0.984341716270806
1977,"Female","4-year",31.4743543749235,1.65636249805224
1977,"Male","4-year",34.9656844725189,1.79884918826996
1977,"Total","4-year",33.1222378078326,1.21975031790695
1977,"Female","Total",49.2509838656287,1.78308347322643
1977,"Male","Total",52.1194011729671,1.88443840168385
1977,"Total","Total",50.6048568101229,1.29571194560816
1978,"Female","2-year",18.2833009004884,1.3708347534202
1978,"Male","2-year",15.5516896165651,1.36578108799713
1978,"Total","2-year",17.0004006135363,0.970177951219085
1978,"Female","4-year",30.9992416437729,1.64023041884157
1978,"Male","4-year",35.5227803522029,1.80365491055436
1978,"Total","4-year",33.12372002078,1.21559647122678
1978,"Female","Total",49.2825425442613,1.77307736089086
1978,"Male","Total",51.074469968768,1.8839376532054
1978,"Total","Total",50.124136483099,1.29137554845936
1979,"Female","2-year",18.0636398913465,1.36114441558614
1979,"Male","2-year",16.9063162506426,1.41772948840649
1979,"Total","2-year",17.5235895631215,0.982315481686523
1979,"Female","4-year",30.319670954183,1.62622478966305
1979,"Male","4-year",33.5265043261712,1.78567849201559
1979,"Total","4-year",31.8160988799546,1.20348023877947
1979,"Female","Total",48.3832515109549,1.76809699454049
1979,"Male","Total",50.4328205768138,1.89120498562339
1979,"Total","Total",49.3396411817817,1.29183376697254
1980,"Female","2-year",21.5757979978481,1.49870527055187
1980,"Male","2-year",17.0679410280845,1.41167985449522
1980,"Total","2-year",19.3881595949952,1.03336760550941
1980,"Female","4-year",30.1860579252371,1.6725612391322
1980,"Male","4-year",29.6600679623831,1.71384471455148
1980,"Total","4-year",29.9307978648641,1.19704331296028
1980,"Female","Total",51.7618559230852,1.82057243025061
1980,"Male","Total",46.7280089904676,1.87207191961606
1980,"Total","Total",49.3189250739855,1.30682321754736
1981,"Female","2-year",20.0950847327659,1.47127860707247
1981,"Male","2-year",20.8651718626655,1.52850621392618
1981,"Total","2-year",20.4708127570636,1.06015671998005
1981,"Female","4-year",33.0312092630933,1.72687823890554
1981,"Male","4-year",33.9261844670678,1.78096176815196
1981,"Total","4-year",33.4678705863758,1.23984960446315
1981,"Female","Total",53.1262939958592,1.83224125775158
1981,"Male","Total",54.7913563297332,1.87214360279818
1981,"Total","Total",53.9387009940751,1.30965727263283
1982,"Female","2-year",20.6073974854179,1.55929208211109
1982,"Male","2-year",17.4893221592702,1.50414162418449
1982,"Total","2-year",19.0900681458698,1.08554653859453
1982,"Female","4-year",31.4241089266911,1.78954694572352
1982,"Male","4-year",31.5950745394146,1.84077430091772
1982,"Total","4-year",31.5073048450398,1.28313261821804
1982,"Female","Total",52.0314435852523,1.92591511853424
1982,"Male","Total",49.0843304178608,1.9794490539358
1982,"Total","Total",50.5973084832706,1.38096541644542
1983,"Female","2-year",18.3620541701892,1.50130624815978
1983,"Male","2-year",20.1976590956362,1.65648708960775
1983,"Total","2-year",19.2229397097804,1.11343980785272
1983,"Female","4-year",35.0837470362766,1.85051382120502
1983,"Male","4-year",31.7254939498209,1.92027399553647
1983,"Total","4-year",33.5087504341548,1.33374923758432
1983,"Female","Total",53.4457376413529,1.93418890737735
1983,"Male","Total",51.9231530454571,2.06147578778892
1983,"Total","Total",52.7316901439352,1.41069687068133
1984,"Female","2-year",20.9797694741781,1.57362186434413
1984,"Male","2-year",17.6716975373885,1.55204609227005
1984,"Total","2-year",19.4108177859489,1.10832850538503
1984,"Female","4-year",33.470763079243,1.82376953590511
1984,"Male","4-year",38.3693371206023,1.97870689467883
1984,"Total","4-year",35.7940577835188,1.34338746480258
1984,"Female","Total",54.4505325534211,1.92474675797078
1984,"Male","Total",56.0409646616447,2.01961123225884
1984,"Total","Total",55.2048606984432,1.39351737908947
1985,"Female","2-year",19.3400112650279,1.6344513314028
1985,"Male","2-year",19.859284488974,1.710209844364
1985,"Total","2-year",19.5904889892902,1.18169101729559
1985,"Female","4-year",37.5038551589629,2.00345283973891
1985,"Male","4-year",38.7681643587002,2.0886576172166
1985,"Total","4-year",38.1137100032154,1.44599044158645
1985,"Female","Total",56.8438664239907,2.04964016429529
1985,"Male","Total",58.6274488476742,2.11128880367474
1985,"Total","Total",57.7041989925056,1.47088907071606
1986,"Female","2-year",17.3213538915302,1.52645811770171
1986,"Male","2-year",21.3367549422754,1.72648622093083
1986,"Total","2-year",19.2412028210705,1.14866422816532
1986,"Female","4-year",34.6008182558549,1.91878643355534
1986,"Male","4-year",34.482670596812,2.00304885904292
1986,"Total","4-year",34.544329338839,1.38561982339
1986,"Female","Total",51.9221721473851,2.01532987408644
1986,"Male","Total",55.8194255390874,2.09276933701631
1986,"Total","Total",53.7855321599095,1.45279313817458
1987,"Female","2-year",20.3116187047206,1.67249582831952
1987,"Male","2-year",17.3034328494834,1.62731642903937
1987,"Total","2-year",18.8589940968123,1.16940771363739
1987,"Female","4-year",35.0017972944144,1.98285574366782
1987,"Male","4-year",41.0348229591026,2.1161001482301
1987,"Total","4-year",37.9150885478158,1.45039257752133
1987,"Female","Total",55.313415999135,2.06680303929064
1987,"Male","Total",58.338255808586,2.1208383914584
1987,"Total","Total",56.7740663136968,1.48092741223495
1988,"Female","2-year",22.4135421029409,1.91100089937058
1988,"Male","2-year",21.2908788938751,1.88002939539393
1988,"Total","2-year",21.8534288617248,1.34055070654187
1988,"Female","4-year",38.3196450528456,2.22790594384924
1988,"Male","4-year",35.8061432218736,2.20181497038697
1988,"Total","4-year",37.0656218997042,1.56674423789681
1988,"Female","Total",60.7331871557866,2.23788901118159
1988,"Male","Total",57.0970221157487,2.27303310735317
1988,"Total","Total",58.9190507614289,1.59594012456646
1989,"Female","2-year",23.1067806842338,1.90186587766344
1989,"Male","2-year",18.2892748617638,1.77380873990668
1989,"Total","2-year",20.738528298252,1.30434331026911
1989,"Female","4-year",38.46543507999,2.19513399290811
1989,"Male","4-year",39.2715407734586,2.24080526534914
1989,"Total","4-year",38.861711037355,1.56815678535783
1989,"Female","Total",61.5720552062528,2.19473226113743
1989,"Male","Total",57.5608156352224,2.26785873398037
1989,"Total","Total",59.6002150101403,1.57864774602545
1990,"Female","2-year",20.6221573201189,1.86864878827641
1990,"Male","2-year",19.6499383141824,1.84761850477109
1990,"Total","2-year",20.1393246666142,1.31414656558859
1990,"Female","4-year",41.5960982470544,2.2764505379367
1990,"Male","4-year",38.3664470077476,2.26111678376937
1990,"Total","4-year",39.9921581180838,1.60526334136842
1990,"Female","Total",62.2183396856828,2.23929194744755
1990,"Male","Total",58.0163853219301,2.2948475893359
1990,"Total","Total",60.1314996661273,1.60442987147428
1991,"Female","2-year",26.802552389367,2.09240508230945
1991,"Male","2-year",22.9181384107884,1.98275843131472
1991,"Total","2-year",24.8576367346437,1.44266007885397
1991,"Female","4-year",40.3342464933687,2.31744405928486
1991,"Male","4-year",34.9837343936619,2.24982186409246
1991,"Total","4-year",37.6552594438693,1.61735145638662
1991,"Female","Total",67.1367988827356,2.21893697999389
1991,"Male","Total",57.9018728044503,2.32906566169179
1991,"Total","Total",62.5129401177925,1.61591057608685
1992,"Female","2-year",23.8535032656592,1.97545735875493
1992,"Male","2-year",22.1127110269223,1.89494514201498
1992,"Total","2-year",22.9700324664622,1.36828209406661
1992,"Female","4-year",39.9885454112596,2.27065676391429
1992,"Male","4-year",37.8434351655905,2.21452777138483
1992,"Total","4-year",38.8998788714306,1.58584282573921
1992,"Female","Total",63.8420486769187,2.22700876173384
1992,"Male","Total",59.9561461925128,2.23731503573434
1992,"Total","Total",61.8699113378928,1.57993287563584
1993,"Female","2-year",22.8069070444655,1.9109953780231
1993,"Male","2-year",22.8573750667603,1.99838433478361
1993,"Total","2-year",22.8310330723534,1.3811394405715
1993,"Female","4-year",42.3845008670615,2.25066273402609
1993,"Male","4-year",37.0031384022906,2.29772140553688
1993,"Total","4-year",39.81196295104,1.61070233433866
1993,"Female","Total",65.191407911527,2.16957979756999
1993,"Male","Total",59.8605134690509,2.33278523712555
1993,"Total","Total",62.6429960233934,1.59175301897576
1994,"Female","2-year",19.100507615808,1.75432902852209
1994,"Male","2-year",23.0355542516809,1.90095732368558
1994,"Total","2-year",21.0453244308923,1.29377605404656
1994,"Female","4-year",44.1350856537861,2.21603824968891
1994,"Male","4-year",37.5380880999554,2.18610829568603
1994,"Total","4-year",40.8746537049499,1.56029336361409
1994,"Female","Total",63.2356718114179,2.15184052545709
1994,"Male","Total",60.5737227274737,2.20629194536103
1994,"Total","Total",61.9200424571605,1.54119043925113
1995,"Female","2-year",18.1184239036626,1.54653730936908
1995,"Male","2-year",25.2522355636593,1.82948427055048
1995,"Total","2-year",21.5156719357857,1.19412941661791
1995,"Female","4-year",43.1784878788658,1.98882790403042
1995,"Male","4-year",37.3598657651974,2.03708266560798
1995,"Total","4-year",40.4075565076082,1.4259666191544
1995,"Female","Total",61.2969852328191,1.9556856632426
1995,"Male","Total",62.6121013288567,2.03739074013041
1995,"Total","Total",61.9233530335545,1.41103964507861
1996,"Female","2-year",24.5979496754533,1.7944172717405
1996,"Male","2-year",21.5377771678669,1.75549016177807
1996,"Total","2-year",23.1055015981672,1.2570416049008
1996,"Female","4-year",45.1220389338547,2.07336493960788
1996,"Male","4-year",38.5308532233232,2.07826326882547
1996,"Total","4-year",41.9075134728451,1.47146605171398
1996,"Female","Total",69.7199886093081,1.91442818558461
1996,"Male","Total",60.0685532957159,2.09145615772985
1996,"Total","Total",65.0130019160718,1.42232174377958
1997,"Female","2-year",24.0930795263343,1.74842848448294
1997,"Male","2-year",21.3599942090817,1.71313361026955
1997,"Total","2-year",22.7567638821424,1.22541252696869
1997,"Female","4-year",46.2303131035389,2.03841779040441
1997,"Male","4-year",42.194890991872,2.06434342722177
1997,"Total","4-year",44.2572324738573,1.45172121532782
1997,"Female","Total",70.3233926298733,1.86774706423715
1997,"Male","Total",63.5548852009537,2.01169915054691
1997,"Total","Total",67.0139963559997,1.37418259614282
1998,"Female","2-year",24.3344402979303,1.79101983283081
1998,"Male","2-year",24.412852567414,1.73390612973895
1998,"Total","2-year",24.3749592916045,1.24576009025104
1998,"Female","4-year",44.7858874166186,2.07556448054884
1998,"Male","4-year",37.9707958811172,1.95891365837393
1998,"Total","4-year",41.2642363710071,1.42845929461055
1998,"Female","Total",69.120327714549,1.9283231953811
1998,"Male","Total",62.3836484485312,1.95531197621919
1998,"Total","Total",65.6392312546514,1.377979739344
1999,"Female","2-year",21.1128008073062,1.66389665070679
1999,"Male","2-year",20.9677780560153,1.63097557180132
1999,"Total","2-year",21.0390238092361,1.16474437537573
1999,"Female","4-year",43.304797456648,2.02018580524424
1999,"Male","4-year",40.4693120949862,1.96653878650048
1999,"Total","4-year",41.8623093215585,1.40978230298171
1999,"Female","Total",64.4175982639543,1.95195610639325
1999,"Male","Total",61.4370901510016,1.95015608484616
1999,"Total","Total",62.9012768913258,1.38045009760149
2000,"Female","2-year",19.9727815754657,1.58504964550663
2000,"Male","2-year",23.074598442458,1.83213844802062
2000,"Total","2-year",21.3807118388202,1.2011976003277
2000,"Female","4-year",46.1970956824641,1.97658242097398
2000,"Male","4-year",36.8399214273551,2.09766921730861
2000,"Total","4-year",41.9498272658654,1.44579150538574
2000,"Female","Total",66.1699437091616,1.87579975536123
2000,"Male","Total",59.9145198698131,2.13115929843812
2000,"Total","Total",63.3305983752099,1.4118794212089
2001,"Female","2-year",20.6327602993282,1.65595286447998
2001,"Male","2-year",18.6134625219184,1.59002642662074
2001,"Total","2-year",19.621404555289,1.14815762256401
2001,"Female","4-year",42.8240044067853,2.02487944380433
2001,"Male","4-year",41.4492052192314,2.0125142902135
2001,"Total","4-year",42.1354427341148,1.42756653588286
2001,"Female","Total",63.4567647061135,1.97056664047958
2001,"Male","Total",60.0626677411498,2.00081210598302
2001,"Total","Total",61.7568865131502,1.40502993874655
2002,"Female","2-year",22.8382679996562,1.64696570274958
2002,"Male","2-year",20.4215875012572,1.56617113650273
2002,"Total","2-year",21.6180889750818,1.13635901897753
2002,"Female","4-year",45.5752688599212,1.95395588779848
2002,"Male","4-year",41.7135907820497,1.91566369738789
2002,"Total","4-year",43.6255123267762,1.36902242939087
2002,"Female","Total",68.4134646290928,1.82378557980467
2002,"Male","Total",62.1352491121603,1.88444473072396
2002,"Total","Total",65.2436246338925,1.31457493289666
2003,"Female","2-year",21.0152760840392,1.60572914351904
2003,"Male","2-year",21.9107539656096,1.67117299256092
2003,"Total","2-year",21.4519281442314,1.15806913133294
2003,"Female","4-year",45.5049738206538,1.96264184829543
2003,"Male","4-year",39.2552643088629,1.97287881278488
2003,"Total","4-year",42.457568277509,1.39445729379341
2003,"Female","Total",66.520249904693,1.85994982013985
2003,"Male","Total",61.1659416776391,1.96905730258982
2003,"Total","Total",63.909459072338,1.35491740257055
2004,"Female","2-year",23.0715479392661,1.62895989072472
2004,"Male","2-year",21.7714685835442,1.6539603761145
2004,"Total","2-year",22.4448113553766,1.16097416446826
2004,"Female","4-year",48.4733745578329,1.93239544519373
2004,"Male","4-year",39.638482567434,1.96036632894745
2004,"Total","4-year",44.2142490151179,1.38198049859419
2004,"Female","Total",71.5448523396798,1.74460914611395
2004,"Male","Total",61.4099511509782,1.95099290415008
2004,"Total","Total",66.6590603704944,1.31183029946038
2005,"Female","2-year",23.4021646163957,1.64388692015444
2005,"Male","2-year",24.6747142280769,1.77186353540452
2005,"Total","2-year",24.0023026875279,1.20543984877357
2005,"Female","4-year",47.0215832020448,1.93791082296758
2005,"Male","4-year",41.8075544771926,2.02719019644475
2005,"Total","4-year",44.5626856214733,1.40283193128239
2005,"Female","Total",70.4237478184405,1.77201263276493
2005,"Male","Total",66.4822687052695,1.94009963479192
2005,"Total","Total",68.564962678533,1.31031859454838
2006,"Female","2-year",24.4520781669527,1.69937049988821
2006,"Male","2-year",24.9495779026439,1.73317913044338
2006,"Total","2-year",24.6976113476938,1.21346093659794
2006,"Female","4-year",41.6733631361315,1.94931340345346
2006,"Male","4-year",40.8842954046345,1.96908731308165
2006,"Total","4-year",41.2839311504734,1.3853609952482
2006,"Female","Total",66.1253811485657,1.87128626027828
2006,"Male","Total",65.8338695432133,1.89958122631028
2006,"Total","Total",65.9815101742713,1.33309957093243
2007,"Female","2-year",25.4699537641554,1.67367395768747
2007,"Male","2-year",22.7139292048195,1.57338278829689
2007,"Total","2-year",24.0606819822095,1.14783852254549
2007,"Female","4-year",42.8365961912657,1.90089269912636
2007,"Male","4-year",43.4026485303576,1.8612033135351
2007,"Total","4-year",43.1260426644056,1.32990313951354
2007,"Female","Total",68.306559649951,1.78733921214133
2007,"Male","Total",66.1165883231258,1.77740513608349
2007,"Total","Total",67.1867347979878,1.26083999097409
2008,"Female","2-year",30.6386042242844,1.73142133039523
2008,"Male","2-year",24.9120420174947,1.55893682295212
2008,"Total","2-year",27.6575692447122,1.16326537712471
2008,"Female","4-year",40.9281278900167,1.84676089807661
2008,"Male","4-year",40.9541348185093,1.77248401719412
2008,"Total","4-year",40.9416661282734,1.27878814311544
2008,"Female","Total",71.5667347621627,1.69425327140593
2008,"Male","Total",65.8662231708316,1.70907947133237
2008,"Total","Total",68.5992604452836,1.20699342565193
2009,"Female","2-year",30.0680335532582,1.71101851192681
2009,"Male","2-year",25.0876648813978,1.68742685143569
2009,"Total","2-year",27.6830250022783,1.20520046457546
2009,"Female","4-year",43.7513820372093,1.85104143828009
2009,"Male","4-year",40.9159776162778,1.91381371025714
2009,"Total","4-year",42.3935581018817,1.33112197246095
2009,"Female","Total",73.8193737761345,1.64036131421861
2009,"Male","Total",66.0036382318398,1.8438191741861
2009,"Total","Total",70.0765589306517,1.2334585031014
2010,"Female","2-year",24.5522087849974,2.31973
2010,"Male","2-year",28.5151131395208,2.03183
2010,"Total","2-year",26.6570767854287,1.51575
2010,"Female","4-year",49.4931823153589,2.58556
2010,"Male","4-year",34.3144292571866,1.96611
2010,"Total","4-year",41.4310973543309,1.61366
2010,"Female","Total",74.0453910328697,2.31167
2010,"Male","Total",62.8295421584167,1.88388
2010,"Total","Total",68.0881742979676,1.48526
2011,"Female","2-year",27.2556365533218,2.17389
2011,"Male","2-year",24.6710262414373,1.79058
2011,"Total","2-year",25.9036338634027,1.48811
2011,"Female","4-year",44.9013255753746,2.37369
2011,"Male","4-year",39.9847704655403,2.10314
2011,"Total","4-year",42.329488845069,1.43988
2011,"Female","Total",72.1569621286964,1.97835
2011,"Male","Total",64.6557966448879,2.16265
2011,"Total","Total",68.2331226981542,1.45271
2012,"Female","2-year",30.6569395966231,2.0898
2012,"Male","2-year",26.8933094506081,2.19937
2012,"Total","2-year",28.7506633149588,1.57377
2012,"Female","4-year",40.648296462897,2.20871
2012,"Male","4-year",34.3642296415631,2.14774
2012,"Total","4-year",37.4654206039111,1.59695
2012,"Female","Total",71.305235743179,2.10885
2012,"Male","Total",61.2575390921712,2.16708
2012,"Total","Total",66.2160837698441,1.5865
2013,"Female","2-year",23.0487778156386,2.14648
2013,"Male","2-year",24.5475789517355,2.1432
2013,"Total","2-year",23.8161015197659,1.44184
2013,"Female","4-year",45.3295070925365,2.20983
2013,"Male","4-year",38.9753085588776,2.47957
2013,"Total","4-year",42.0764223181917,1.76102
2013,"Female","Total",68.378284908175,2.1716
2013,"Male","Total",63.5228874450097,2.20146
2013,"Total","Total",65.8925237170472,1.58116
2014,"Female","2-year",28.0211185041674,2.34887
2014,"Male","2-year",21.1869146015752,2.07151
2014,"Total","2-year",24.6304563182796,1.56033
2014,"Female","4-year",44.6247975310291,2.56565
2014,"Male","4-year",42.8471694315978,2.68969
2014,"Total","4-year",43.7428606641722,1.81171
2014,"Female","Total",72.6459158967857,2.50306
2014,"Male","Total",64.0340840331731,2.31514
2014,"Total","Total",68.3733170852777,1.67128
2015,"Female","2-year",26.154550693896,2.075013871
2015,"Male","2-year",24.2950600203463,1.998244653
2015,"Total","2-year",25.2462349964084,1.47654524
2015,"Female","4-year",46.3825612971176,2.422473525
2015,"Male","4-year",41.4900468064277,2.273368536
2015,"Total","4-year",43.9926876745758,1.612844056
2015,"Female","Total",72.5371120107962,2.1799827
2015,"Male","Total",65.785106826774,2.274723413
2015,"Total","Total",69.2389226668302,1.542149477
2016,"Female","2-year",22.2635077197434,1.98562867980463
2016,"Male","2-year",25.2808470512628,2.26114351911218
2016,"Total","2-year",23.7223875755522,1.56388537686194
2016,"Female","4-year",49.6401040942907,2.46422280225725
2016,"Male","4-year",42.207151011368,2.46932451299593
2016,"Total","4-year",46.0462804203762,1.84559826762875
2016,"Female","Total",71.9036118140342,2.39904431244074
2016,"Male","Total",67.4879980626308,2.12055126816845
2016,"Total","Total",69.7686679959284,1.64343886878435
2017,"Female","2-year",21.3643284737905,2.09290993767122
2017,"Male","2-year",23.923029983229,2.35547070579422
2017,"Total","2-year",22.5637628279093,1.49764861500261
2017,"Female","4-year",50.2934270439764,2.69534293780537
2017,"Male","4-year",37.1950435393784,2.32268294593215
2017,"Total","4-year",44.1533395422165,1.8315055890049
2017,"Female","Total",71.657755517767,2.28839293073713
2017,"Male","Total",61.1180735226074,2.56835177450355
2017,"Total","Total",66.7171023701258,1.68302121233157
2018,"Female","2-year",26.1346995613224,2.18881143242888
2018,"Male","2-year",24.8770732906531,1.91610419196327
2018,"Total","2-year",25.5026784477379,1.53792192035445
2018,"Female","4-year",45.2242950409045,2.74573503758628
2018,"Male","4-year",42.0429043516945,2.22861206901442
2018,"Total","4-year",43.6254845412863,1.75951609658376
2018,"Female","Total",71.3589946022268,2.32343240045397
2018,"Male","Total",66.9199776423476,2.2242950539636
2018,"Total","Total",69.1281629890243,1.62059624253906
2019,"Female","2-year",20.915859947002,1.96846392782841
2019,"Male","2-year",22.7684406012339,1.95475949151402
2019,"Total","2-year",21.7818475493053,1.46435221750372
2019,"Female","4-year",48.8975390217242,2.50497039937734
2019,"Male","4-year",39.237862384073,2.37179001482553
2019,"Total","4-year",44.3821295623001,1.6746110130456
2019,"Female","Total",69.8133989687263,2.22932906972482
2019,"Male","Total",62.006302985307,2.39630094267458
2019,"Total","Total",66.1639771116054,1.80475035022171
2020,"Female","2-year",20.6180113343889,2.36988863057343
2020,"Male","2-year",19.2271769367341,2.12090540951731
2020,"Total","2-year",19.9126898657821,1.70687972753316
2020,"Female","4-year",45.59096345648,2.56542504223899
2020,"Male","4-year",40.0993669533956,2.60080217464686
2020,"Total","4-year",42.8060590012243,1.86045780872837
2020,"Female","Total",66.2089747908689,2.48341131800215
2020,"Male","Total",59.3265438901298,2.45470544964714
2020,"Total","Total",62.7187488670065,1.76486842710978
2021,"Female","2-year",18.2087766870742,2.09620423411238
2021,"Male","2-year",18.8364012216434,2.19177009533419
2021,"Total","2-year",18.5406392929143,1.50204130642745
2021,"Female","4-year",51.318185403243,3.12695196284956
2021,"Male","4-year",36.0699771419528,2.66315088274241
2021,"Total","4-year",43.2555462786321,2.10313842706005
2021,"Female","Total",69.5269620903173,2.56920750342759
2021,"Male","Total",54.9063783635963,2.59368802100381
2021,"Total","Total",61.7961855715465,1.85951435147915
2022,"Female","2-year",15.3029785751391,1.76538785104412
2022,"Male","2-year",18.7941936720474,2.39010392116605
2022,"Total","2-year",16.8868920148416,1.38303987957853
2022,"Female","4-year",50.7319688192845,2.92390200337577
2022,"Male","4-year",38.4214650067122,2.87330921353336
2022,"Total","4-year",45.1468725427733,2.11830392476445
2022,"Female","Total",66.0349473944236,2.66273663463627
2022,"Male","Total",57.2156586787596,3.03127563651356
2022,"Total","Total",62.0337645576149,2.0604930343641
