"State or jurisdiction","Percent change, 2017 to 2022","Year","Enrollment"
"Alabama",-4.17447533871982,"1970",103936
"Alabama",-4.17447533871982,"1980",164306
"Alabama",-4.17447533871982,"1990",218589
"Alabama",-4.17447533871982,"2000",233962
"Alabama",-4.17447533871982,"2010",327606
"Alabama",-4.17447533871982,"2012",310311
"Alabama",-4.17447533871982,"2017",306817
"Alabama",-4.17447533871982,"2018",304182
"Alabama",-4.17447533871982,"2019",303023
"Alabama",-4.17447533871982,"2020",292241
"Alabama",-4.17447533871982,"2021",292752
"Alabama",-4.17447533871982,"2022",294009
"Alaska",-25.0994238989035,"1970",9471
"Alaska",-25.0994238989035,"1980",21296
"Alaska",-25.0994238989035,"1990",29833
"Alaska",-25.0994238989035,"2000",27953
"Alaska",-25.0994238989035,"2010",34799
"Alaska",-25.0994238989035,"2012",32797
"Alaska",-25.0994238989035,"2017",26905
"Alaska",-25.0994238989035,"2018",25692
"Alaska",-25.0994238989035,"2019",23353
"Alaska",-25.0994238989035,"2020",22106
"Alaska",-25.0994238989035,"2021",20929
"Alaska",-25.0994238989035,"2022",20152
"Arizona",5.6835983096552,"1970",109619
"Arizona",5.6835983096552,"1980",202716
"Arizona",5.6835983096552,"1990",264148
"Arizona",5.6835983096552,"2000",342490
"Arizona",5.6835983096552,"2010",793871
"Arizona",5.6835983096552,"2012",736465
"Arizona",5.6835983096552,"2017",591122
"Arizona",5.6835983096552,"2018",581985
"Arizona",5.6835983096552,"2019",609144
"Arizona",5.6835983096552,"2020",599798
"Arizona",5.6835983096552,"2021",613533
"Arizona",5.6835983096552,"2022",624719
"Arkansas",-5.60004391234608,"1970",52039
"Arkansas",-5.60004391234608,"1980",77347
"Arkansas",-5.60004391234608,"1990",90425
"Arkansas",-5.60004391234608,"2000",115172
"Arkansas",-5.60004391234608,"2010",175848
"Arkansas",-5.60004391234608,"2012",176458
"Arkansas",-5.60004391234608,"2017",163963
"Arkansas",-5.60004391234608,"2018",160644
"Arkansas",-5.60004391234608,"2019",158567
"Arkansas",-5.60004391234608,"2020",149296
"Arkansas",-5.60004391234608,"2021",148161
"Arkansas",-5.60004391234608,"2022",154781
"California",-8.72316793946366,"1970",1257245
"California",-8.72316793946366,"1980",1791088
"California",-8.72316793946366,"1990",1808740
"California",-8.72316793946366,"2000",2256708
"California",-8.72316793946366,"2010",2714699
"California",-8.72316793946366,"2012",2621606
"California",-8.72316793946366,"2017",2724446
"California",-8.72316793946366,"2018",2723547
"California",-8.72316793946366,"2019",2714753
"California",-8.72316793946366,"2020",2596230
"California",-8.72316793946366,"2021",2483180
"California",-8.72316793946366,"2022",2486788
"Colorado",-3.75309519315116,"1970",123395
"Colorado",-3.75309519315116,"1980",162916
"Colorado",-3.75309519315116,"1990",227131
"Colorado",-3.75309519315116,"2000",263872
"Colorado",-3.75309519315116,"2010",369450
"Colorado",-3.75309519315116,"2012",363170
"Colorado",-3.75309519315116,"2017",360236
"Colorado",-3.75309519315116,"2018",360537
"Colorado",-3.75309519315116,"2019",368124
"Colorado",-3.75309519315116,"2020",362276
"Colorado",-3.75309519315116,"2021",346146
"Colorado",-3.75309519315116,"2022",346716
"Connecticut",-4.94598398250428,"1970",124700
"Connecticut",-4.94598398250428,"1980",159632
"Connecticut",-4.94598398250428,"1990",168604
"Connecticut",-4.94598398250428,"2000",161243
"Connecticut",-4.94598398250428,"2010",199384
"Connecticut",-4.94598398250428,"2012",201658
"Connecticut",-4.94598398250428,"2017",197534
"Connecticut",-4.94598398250428,"2018",197236
"Connecticut",-4.94598398250428,"2019",193686
"Connecticut",-4.94598398250428,"2020",186717
"Connecticut",-4.94598398250428,"2021",184582
"Connecticut",-4.94598398250428,"2022",187764
"Delaware",-5.49570751433591,"1970",25260
"Delaware",-5.49570751433591,"1980",32939
"Delaware",-5.49570751433591,"1990",42004
"Delaware",-5.49570751433591,"2000",43897
"Delaware",-5.49570751433591,"2010",55258
"Delaware",-5.49570751433591,"2012",58127
"Delaware",-5.49570751433591,"2017",60338
"Delaware",-5.49570751433591,"2018",60010
"Delaware",-5.49570751433591,"2019",59983
"Delaware",-5.49570751433591,"2020",58678
"Delaware",-5.49570751433591,"2021",56251
"Delaware",-5.49570751433591,"2022",57022
"District of Columbia",3.46878613318889,"1970",77158
"District of Columbia",3.46878613318889,"1980",86675
"District of Columbia",3.46878613318889,"1990",79551
"District of Columbia",3.46878613318889,"2000",72689
"District of Columbia",3.46878613318889,"2010",91992
"District of Columbia",3.46878613318889,"2012",90150
"District of Columbia",3.46878613318889,"2017",95999
"District of Columbia",3.46878613318889,"2018",97776
"District of Columbia",3.46878613318889,"2019",98909
"District of Columbia",3.46878613318889,"2020",97481
"District of Columbia",3.46878613318889,"2021",99435
"District of Columbia",3.46878613318889,"2022",99329
"Florida",-6.90509420145378,"1970",235525
"Florida",-6.90509420145378,"1980",411891
"Florida",-6.90509420145378,"1990",588086
"Florida",-6.90509420145378,"2000",707684
"Florida",-6.90509420145378,"2010",1124778
"Florida",-6.90509420145378,"2012",1154506
"Florida",-6.90509420145378,"2017",1073338
"Florida",-6.90509420145378,"2018",1067147
"Florida",-6.90509420145378,"2019",1055664
"Florida",-6.90509420145378,"2020",1027124
"Florida",-6.90509420145378,"2021",1004538
"Florida",-6.90509420145378,"2022",999223
"Georgia",0.644832789468598,"1970",126511
"Georgia",0.644832789468598,"1980",184159
"Georgia",0.644832789468598,"1990",251786
"Georgia",0.644832789468598,"2000",346204
"Georgia",0.644832789468598,"2010",568916
"Georgia",0.644832789468598,"2012",545360
"Georgia",0.644832789468598,"2017",538124
"Georgia",0.644832789468598,"2018",543141
"Georgia",0.644832789468598,"2019",553779
"Georgia",0.644832789468598,"2020",547387
"Georgia",0.644832789468598,"2021",544364
"Georgia",0.644832789468598,"2022",541594
"Hawaii",-8.2401559454191,"1970",36562
"Hawaii",-8.2401559454191,"1980",49009
"Hawaii",-8.2401559454191,"1990",56436
"Hawaii",-8.2401559454191,"2000",60182
"Hawaii",-8.2401559454191,"2010",78073
"Hawaii",-8.2401559454191,"2012",78456
"Hawaii",-8.2401559454191,"2017",64125
"Hawaii",-8.2401559454191,"2018",61855
"Hawaii",-8.2401559454191,"2019",60437
"Hawaii",-8.2401559454191,"2020",59693
"Hawaii",-8.2401559454191,"2021",60076
"Hawaii",-8.2401559454191,"2022",58841
"Idaho",-4.97257270320099,"1970",34567
"Idaho",-4.97257270320099,"1980",43018
"Idaho",-4.97257270320099,"1990",51881
"Idaho",-4.97257270320099,"2000",65594
"Idaho",-4.97257270320099,"2010",85201
"Idaho",-4.97257270320099,"2012",108008
"Idaho",-4.97257270320099,"2017",131803
"Idaho",-4.97257270320099,"2018",123482
"Idaho",-4.97257270320099,"2019",121966
"Idaho",-4.97257270320099,"2020",122993
"Idaho",-4.97257270320099,"2021",126334
"Idaho",-4.97257270320099,"2022",125249
"Illinois",-10.5092331450024,"1970",452146
"Illinois",-10.5092331450024,"1980",645288
"Illinois",-10.5092331450024,"1990",729246
"Illinois",-10.5092331450024,"2000",743918
"Illinois",-10.5092331450024,"2010",906845
"Illinois",-10.5092331450024,"2012",866893
"Illinois",-10.5092331450024,"2017",757001
"Illinois",-10.5092331450024,"2018",738448
"Illinois",-10.5092331450024,"2019",718505
"Illinois",-10.5092331450024,"2020",682002
"Illinois",-10.5092331450024,"2021",675788
"Illinois",-10.5092331450024,"2022",677446
"Indiana",9.38611140365394,"1970",192668
"Indiana",9.38611140365394,"1980",247253
"Indiana",9.38611140365394,"1990",284832
"Indiana",9.38611140365394,"2000",314334
"Indiana",9.38611140365394,"2010",459493
"Indiana",9.38611140365394,"2012",447263
"Indiana",9.38611140365394,"2017",398802
"Indiana",9.38611140365394,"2018",388193
"Indiana",9.38611140365394,"2019",422922
"Indiana",9.38611140365394,"2020",435425
"Indiana",9.38611140365394,"2021",429791
"Indiana",9.38611140365394,"2022",436234
"Iowa",-22.4362636646332,"1970",108902
"Iowa",-22.4362636646332,"1980",140449
"Iowa",-22.4362636646332,"1990",170515
"Iowa",-22.4362636646332,"2000",188974
"Iowa",-22.4362636646332,"2010",381867
"Iowa",-22.4362636646332,"2012",361189
"Iowa",-22.4362636646332,"2017",260801
"Iowa",-22.4362636646332,"2018",254049
"Iowa",-22.4362636646332,"2019",218033
"Iowa",-22.4362636646332,"2020",203370
"Iowa",-22.4362636646332,"2021",203274
"Iowa",-22.4362636646332,"2022",202287
"Kansas",-13.0899031294831,"1970",102485
"Kansas",-13.0899031294831,"1980",136605
"Kansas",-13.0899031294831,"1990",163733
"Kansas",-13.0899031294831,"2000",179968
"Kansas",-13.0899031294831,"2010",214849
"Kansas",-13.0899031294831,"2012",213855
"Kansas",-13.0899031294831,"2017",213997
"Kansas",-13.0899031294831,"2018",212734
"Kansas",-13.0899031294831,"2019",208520
"Kansas",-13.0899031294831,"2020",193119
"Kansas",-13.0899031294831,"2021",193688
"Kansas",-13.0899031294831,"2022",185985
"Kentucky",1.25842366285232,"1970",98591
"Kentucky",1.25842366285232,"1980",143066
"Kentucky",1.25842366285232,"1990",177852
"Kentucky",1.25842366285232,"2000",188341
"Kentucky",1.25842366285232,"2010",291104
"Kentucky",1.25842366285232,"2012",281133
"Kentucky",1.25842366285232,"2017",258498
"Kentucky",1.25842366285232,"2018",262544
"Kentucky",1.25842366285232,"2019",266545
"Kentucky",1.25842366285232,"2020",261408
"Kentucky",1.25842366285232,"2021",257504
"Kentucky",1.25842366285232,"2022",261751
"Louisiana",-1.1913878965256,"1970",120728
"Louisiana",-1.1913878965256,"1980",160058
"Louisiana",-1.1913878965256,"1990",186840
"Louisiana",-1.1913878965256,"2000",223800
"Louisiana",-1.1913878965256,"2010",263676
"Louisiana",-1.1913878965256,"2012",258846
"Louisiana",-1.1913878965256,"2017",241567
"Louisiana",-1.1913878965256,"2018",241296
"Louisiana",-1.1913878965256,"2019",243748
"Louisiana",-1.1913878965256,"2020",243291
"Louisiana",-1.1913878965256,"2021",239745
"Louisiana",-1.1913878965256,"2022",238689
"Maine",-0.467894890754898,"1970",34134
"Maine",-0.467894890754898,"1980",43264
"Maine",-0.467894890754898,"1990",57186
"Maine",-0.467894890754898,"2000",58473
"Maine",-0.467894890754898,"2010",72406
"Maine",-0.467894890754898,"2012",73095
"Maine",-0.467894890754898,"2017",71811
"Maine",-0.467894890754898,"2018",71773
"Maine",-0.467894890754898,"2019",71701
"Maine",-0.467894890754898,"2020",69837
"Maine",-0.467894890754898,"2021",69503
"Maine",-0.467894890754898,"2022",71475
"Maryland",-9.63429971058109,"1970",149607
"Maryland",-9.63429971058109,"1980",225180
"Maryland",-9.63429971058109,"1990",259700
"Maryland",-9.63429971058109,"2000",273745
"Maryland",-9.63429971058109,"2010",377967
"Maryland",-9.63429971058109,"2012",374496
"Maryland",-9.63429971058109,"2017",364178
"Maryland",-9.63429971058109,"2018",361440
"Maryland",-9.63429971058109,"2019",355024
"Maryland",-9.63429971058109,"2020",348140
"Maryland",-9.63429971058109,"2021",335086
"Maryland",-9.63429971058109,"2022",329092
"Massachusetts",-6.8671940008619,"1970",303809
"Massachusetts",-6.8671940008619,"1980",418415
"Massachusetts",-6.8671940008619,"1990",417833
"Massachusetts",-6.8671940008619,"2000",421142
"Massachusetts",-6.8671940008619,"2010",507753
"Massachusetts",-6.8671940008619,"2012",514119
"Massachusetts",-6.8671940008619,"2017",503539
"Massachusetts",-6.8671940008619,"2018",500076
"Massachusetts",-6.8671940008619,"2019",492875
"Massachusetts",-6.8671940008619,"2020",473374
"Massachusetts",-6.8671940008619,"2021",478503
"Massachusetts",-6.8671940008619,"2022",468960
"Michigan",-16.416161355524,"1970",392726
"Michigan",-16.416161355524,"1980",520131
"Michigan",-16.416161355524,"1990",569803
"Michigan",-16.416161355524,"2000",567631
"Michigan",-16.416161355524,"2010",697765
"Michigan",-16.416161355524,"2012",663703
"Michigan",-16.416161355524,"2017",558072
"Michigan",-16.416161355524,"2018",540750
"Michigan",-16.416161355524,"2019",525511
"Michigan",-16.416161355524,"2020",490115
"Michigan",-16.416161355524,"2021",481696
"Michigan",-16.416161355524,"2022",466458
"Minnesota",-9.646799010088,"1970",160788
"Minnesota",-9.646799010088,"1980",206691
"Minnesota",-9.646799010088,"1990",253789
"Minnesota",-9.646799010088,"2000",293445
"Minnesota",-9.646799010088,"2010",465449
"Minnesota",-9.646799010088,"2012",451661
"Minnesota",-9.646799010088,"2017",412966
"Minnesota",-9.646799010088,"2018",409005
"Minnesota",-9.646799010088,"2019",402729
"Minnesota",-9.646799010088,"2020",395705
"Minnesota",-9.646799010088,"2021",380343
"Minnesota",-9.646799010088,"2022",373128
"Mississippi",-9.23852313995716,"1970",73967
"Mississippi",-9.23852313995716,"1980",102364
"Mississippi",-9.23852313995716,"1990",122883
"Mississippi",-9.23852313995716,"2000",137389
"Mississippi",-9.23852313995716,"2010",179995
"Mississippi",-9.23852313995716,"2012",176618
"Mississippi",-9.23852313995716,"2017",171824
"Mississippi",-9.23852313995716,"2018",169360
"Mississippi",-9.23852313995716,"2019",166974
"Mississippi",-9.23852313995716,"2020",162596
"Mississippi",-9.23852313995716,"2021",158670
"Mississippi",-9.23852313995716,"2022",155950
"Missouri",-13.4929426200377,"1970",183930
"Missouri",-13.4929426200377,"1980",233378
"Missouri",-13.4929426200377,"1990",289899
"Missouri",-13.4929426200377,"2000",321348
"Missouri",-13.4929426200377,"2010",444750
"Missouri",-13.4929426200377,"2012",441186
"Missouri",-13.4929426200377,"2017",385483
"Missouri",-13.4929426200377,"2018",374401
"Missouri",-13.4929426200377,"2019",362713
"Missouri",-13.4929426200377,"2020",342645
"Missouri",-13.4929426200377,"2021",336571
"Missouri",-13.4929426200377,"2022",333470
"Montana",-6.92705659334149,"1970",30062
"Montana",-6.92705659334149,"1980",35177
"Montana",-6.92705659334149,"1990",35876
"Montana",-6.92705659334149,"2000",42240
"Montana",-6.92705659334149,"2010",53282
"Montana",-6.92705659334149,"2012",53254
"Montana",-6.92705659334149,"2017",50642
"Montana",-6.92705659334149,"2018",49363
"Montana",-6.92705659334149,"2019",48066
"Montana",-6.92705659334149,"2020",45459
"Montana",-6.92705659334149,"2021",47063
"Montana",-6.92705659334149,"2022",47134
"Nebraska",-0.659494510352959,"1970",66915
"Nebraska",-0.659494510352959,"1980",89488
"Nebraska",-0.659494510352959,"1990",112831
"Nebraska",-0.659494510352959,"2000",112117
"Nebraska",-0.659494510352959,"2010",144692
"Nebraska",-0.659494510352959,"2012",139558
"Nebraska",-0.659494510352959,"2017",135710
"Nebraska",-0.659494510352959,"2018",134938
"Nebraska",-0.659494510352959,"2019",135507
"Nebraska",-0.659494510352959,"2020",135026
"Nebraska",-0.659494510352959,"2021",133899
"Nebraska",-0.659494510352959,"2022",134815
"Nevada",-3.39020531750217,"1970",13669
"Nevada",-3.39020531750217,"1980",40455
"Nevada",-3.39020531750217,"1990",61728
"Nevada",-3.39020531750217,"2000",87893
"Nevada",-3.39020531750217,"2010",129360
"Nevada",-3.39020531750217,"2012",118300
"Nevada",-3.39020531750217,"2017",117574
"Nevada",-3.39020531750217,"2018",117798
"Nevada",-3.39020531750217,"2019",119771
"Nevada",-3.39020531750217,"2020",116660
"Nevada",-3.39020531750217,"2021",115237
"Nevada",-3.39020531750217,"2022",113588
"New Hampshire",43.8069766194766,"1970",29400
"New Hampshire",43.8069766194766,"1980",46794
"New Hampshire",43.8069766194766,"1990",59510
"New Hampshire",43.8069766194766,"2000",61718
"New Hampshire",43.8069766194766,"2010",75539
"New Hampshire",43.8069766194766,"2012",82678
"New Hampshire",43.8069766194766,"2017",149184
"New Hampshire",43.8069766194766,"2018",160750
"New Hampshire",43.8069766194766,"2019",169412
"New Hampshire",43.8069766194766,"2020",188447
"New Hampshire",43.8069766194766,"2021",198460
"New Hampshire",43.8069766194766,"2022",214537
"New Jersey",-9.59772048768963,"1970",216121
"New Jersey",-9.59772048768963,"1980",321610
"New Jersey",-9.59772048768963,"1990",324286
"New Jersey",-9.59772048768963,"2000",335945
"New Jersey",-9.59772048768963,"2010",444092
"New Jersey",-9.59772048768963,"2012",439966
"New Jersey",-9.59772048768963,"2017",419037
"New Jersey",-9.59772048768963,"2018",414416
"New Jersey",-9.59772048768963,"2019",413175
"New Jersey",-9.59772048768963,"2020",392316
"New Jersey",-9.59772048768963,"2021",381057
"New Jersey",-9.59772048768963,"2022",378819
"New Mexico",-15.0569080597245,"1970",44461
"New Mexico",-15.0569080597245,"1980",58629
"New Mexico",-15.0569080597245,"1990",85500
"New Mexico",-15.0569080597245,"2000",110739
"New Mexico",-15.0569080597245,"2010",162552
"New Mexico",-15.0569080597245,"2012",156424
"New Mexico",-15.0569080597245,"2017",129595
"New Mexico",-15.0569080597245,"2018",123297
"New Mexico",-15.0569080597245,"2019",121711
"New Mexico",-15.0569080597245,"2020",110095
"New Mexico",-15.0569080597245,"2021",107098
"New Mexico",-15.0569080597245,"2022",110082
"New York",-11.3389557156083,"1970",806479
"New York",-11.3389557156083,"1980",992349
"New York",-11.3389557156083,"1990",1048286
"New York",-11.3389557156083,"2000",1043395
"New York",-11.3389557156083,"2010",1305151
"New York",-11.3389557156083,"2012",1309684
"New York",-11.3389557156083,"2017",1260557
"New York",-11.3389557156083,"2018",1250504
"New York",-11.3389557156083,"2019",1235691
"New York",-11.3389557156083,"2020",1184827
"New York",-11.3389557156083,"2021",1147485
"New York",-11.3389557156083,"2022",1117623
"North Carolina",-1.93773920380918,"1970",171925
"North Carolina",-1.93773920380918,"1980",287537
"North Carolina",-1.93773920380918,"1990",352138
"North Carolina",-1.93773920380918,"2000",404652
"North Carolina",-1.93773920380918,"2010",585792
"North Carolina",-1.93773920380918,"2012",578265
"North Carolina",-1.93773920380918,"2017",564111
"North Carolina",-1.93773920380918,"2018",563122
"North Carolina",-1.93773920380918,"2019",568745
"North Carolina",-1.93773920380918,"2020",557430
"North Carolina",-1.93773920380918,"2021",555851
"North Carolina",-1.93773920380918,"2022",553180
"North Dakota",-4.97683677835867,"1970",31495
"North Dakota",-4.97683677835867,"1980",34069
"North Dakota",-4.97683677835867,"1990",37878
"North Dakota",-4.97683677835867,"2000",40248
"North Dakota",-4.97683677835867,"2010",56903
"North Dakota",-4.97683677835867,"2012",55242
"North Dakota",-4.97683677835867,"2017",53749
"North Dakota",-4.97683677835867,"2018",53285
"North Dakota",-4.97683677835867,"2019",52388
"North Dakota",-4.97683677835867,"2020",51308
"North Dakota",-4.97683677835867,"2021",50968
"North Dakota",-4.97683677835867,"2022",51074
"Ohio",-5.73195850895801,"1970",376267
"Ohio",-5.73195850895801,"1980",488938
"Ohio",-5.73195850895801,"1990",557690
"Ohio",-5.73195850895801,"2000",549553
"Ohio",-5.73195850895801,"2010",745115
"Ohio",-5.73195850895801,"2012",710379
"Ohio",-5.73195850895801,"2017",649586
"Ohio",-5.73195850895801,"2018",644733
"Ohio",-5.73195850895801,"2019",656226
"Ohio",-5.73195850895801,"2020",653630
"Ohio",-5.73195850895801,"2021",646322
"Ohio",-5.73195850895801,"2022",612352
"Oklahoma",-8.87064061340589,"1970",110155
"Oklahoma",-8.87064061340589,"1980",160295
"Oklahoma",-8.87064061340589,"1990",173221
"Oklahoma",-8.87064061340589,"2000",178016
"Oklahoma",-8.87064061340589,"2010",230560
"Oklahoma",-8.87064061340589,"2012",228492
"Oklahoma",-8.87064061340589,"2017",202150
"Oklahoma",-8.87064061340589,"2018",196023
"Oklahoma",-8.87064061340589,"2019",192648
"Oklahoma",-8.87064061340589,"2020",189214
"Oklahoma",-8.87064061340589,"2021",183888
"Oklahoma",-8.87064061340589,"2022",184218
"Oregon",-15.2186201019184,"1970",122177
"Oregon",-15.2186201019184,"1980",157458
"Oregon",-15.2186201019184,"1990",165741
"Oregon",-15.2186201019184,"2000",183065
"Oregon",-15.2186201019184,"2010",251708
"Oregon",-15.2186201019184,"2012",254926
"Oregon",-15.2186201019184,"2017",229988
"Oregon",-15.2186201019184,"2018",228089
"Oregon",-15.2186201019184,"2019",225552
"Oregon",-15.2186201019184,"2020",203319
"Oregon",-15.2186201019184,"2021",196546
"Oregon",-15.2186201019184,"2022",194987
"Pennsylvania",-11.5803493602036,"1970",411044
"Pennsylvania",-11.5803493602036,"1980",507716
"Pennsylvania",-11.5803493602036,"1990",604060
"Pennsylvania",-11.5803493602036,"2000",609521
"Pennsylvania",-11.5803493602036,"2010",804640
"Pennsylvania",-11.5803493602036,"2012",777350
"Pennsylvania",-11.5803493602036,"2017",717025
"Pennsylvania",-11.5803493602036,"2018",700100
"Pennsylvania",-11.5803493602036,"2019",693169
"Pennsylvania",-11.5803493602036,"2020",667548
"Pennsylvania",-11.5803493602036,"2021",648445
"Pennsylvania",-11.5803493602036,"2022",633991
"Rhode Island",-10.0912221349604,"1970",45898
"Rhode Island",-10.0912221349604,"1980",66869
"Rhode Island",-10.0912221349604,"1990",78273
"Rhode Island",-10.0912221349604,"2000",75450
"Rhode Island",-10.0912221349604,"2010",85110
"Rhode Island",-10.0912221349604,"2012",83952
"Rhode Island",-10.0912221349604,"2017",82765
"Rhode Island",-10.0912221349604,"2018",80731
"Rhode Island",-10.0912221349604,"2019",80221
"Rhode Island",-10.0912221349604,"2020",77087
"Rhode Island",-10.0912221349604,"2021",74629
"Rhode Island",-10.0912221349604,"2022",74413
"South Carolina",-1.51938185832089,"1970",69518
"South Carolina",-1.51938185832089,"1980",132476
"South Carolina",-1.51938185832089,"1990",159302
"South Carolina",-1.51938185832089,"2000",185931
"South Carolina",-1.51938185832089,"2010",257064
"South Carolina",-1.51938185832089,"2012",259617
"South Carolina",-1.51938185832089,"2017",246416
"South Carolina",-1.51938185832089,"2018",239978
"South Carolina",-1.51938185832089,"2019",241572
"South Carolina",-1.51938185832089,"2020",235078
"South Carolina",-1.51938185832089,"2021",235206
"South Carolina",-1.51938185832089,"2022",242672
"South Dakota",-4.29503916449086,"1970",30639
"South Dakota",-4.29503916449086,"1980",32761
"South Dakota",-4.29503916449086,"1990",34208
"South Dakota",-4.29503916449086,"2000",43221
"South Dakota",-4.29503916449086,"2010",58360
"South Dakota",-4.29503916449086,"2012",56058
"South Dakota",-4.29503916449086,"2017",53620
"South Dakota",-4.29503916449086,"2018",53365
"South Dakota",-4.29503916449086,"2019",51941
"South Dakota",-4.29503916449086,"2020",50849
"South Dakota",-4.29503916449086,"2021",51084
"South Dakota",-4.29503916449086,"2022",51317
"Tennessee",-4.47058241040733,"1970",135103
"Tennessee",-4.47058241040733,"1980",204841
"Tennessee",-4.47058241040733,"1990",226238
"Tennessee",-4.47058241040733,"2000",263910
"Tennessee",-4.47058241040733,"2010",351762
"Tennessee",-4.47058241040733,"2012",343478
"Tennessee",-4.47058241040733,"2017",323157
"Tennessee",-4.47058241040733,"2018",322064
"Tennessee",-4.47058241040733,"2019",324528
"Tennessee",-4.47058241040733,"2020",316397
"Tennessee",-4.47058241040733,"2021",307852
"Tennessee",-4.47058241040733,"2022",308710
"Texas",-3.89464710644457,"1970",442225
"Texas",-3.89464710644457,"1980",701391
"Texas",-3.89464710644457,"1990",901437
"Texas",-3.89464710644457,"2000",1033973
"Texas",-3.89464710644457,"2010",1535864
"Texas",-3.89464710644457,"2012",1544524
"Texas",-3.89464710644457,"2017",1630520
"Texas",-3.89464710644457,"2018",1641985
"Texas",-3.89464710644457,"2019",1660470
"Texas",-3.89464710644457,"2020",1601407
"Texas",-3.89464710644457,"2021",1565382
"Texas",-3.89464710644457,"2022",1567017
"Utah",20.8502512078459,"1970",81687
"Utah",20.8502512078459,"1980",92159
"Utah",20.8502512078459,"1990",121303
"Utah",20.8502512078459,"2000",163776
"Utah",20.8502512078459,"2010",255653
"Utah",20.8502512078459,"2012",267309
"Utah",20.8502512078459,"2017",331996
"Utah",20.8502512078459,"2018",359772
"Utah",20.8502512078459,"2019",381186
"Utah",20.8502512078459,"2020",395572
"Utah",20.8502512078459,"2021",390028
"Utah",20.8502512078459,"2022",401218
"Vermont",-9.0457188461977,"1970",22209
"Vermont",-9.0457188461977,"1980",30628
"Vermont",-9.0457188461977,"1990",36398
"Vermont",-9.0457188461977,"2000",35489
"Vermont",-9.0457188461977,"2010",45572
"Vermont",-9.0457188461977,"2012",44697
"Vermont",-9.0457188461977,"2017",43855
"Vermont",-9.0457188461977,"2018",42914
"Vermont",-9.0457188461977,"2019",41186
"Vermont",-9.0457188461977,"2020",39646
"Vermont",-9.0457188461977,"2021",40415
"Vermont",-9.0457188461977,"2022",39888
"Virginia",-1.41485598787266,"1970",151915
"Virginia",-1.41485598787266,"1980",280504
"Virginia",-1.41485598787266,"1990",353442
"Virginia",-1.41485598787266,"2000",381893
"Virginia",-1.41485598787266,"2010",577922
"Virginia",-1.41485598787266,"2012",588708
"Virginia",-1.41485598787266,"2017",554120
"Virginia",-1.41485598787266,"2018",552041
"Virginia",-1.41485598787266,"2019",557064
"Virginia",-1.41485598787266,"2020",555898
"Virginia",-1.41485598787266,"2021",546697
"Virginia",-1.41485598787266,"2022",546280
"Washington",-15.4575572846881,"1970",183544
"Washington",-15.4575572846881,"1980",303603
"Washington",-15.4575572846881,"1990",263384
"Washington",-15.4575572846881,"2000",320840
"Washington",-15.4575572846881,"2010",388116
"Washington",-15.4575572846881,"2012",365529
"Washington",-15.4575572846881,"2017",367943
"Washington",-15.4575572846881,"2018",366296
"Washington",-15.4575572846881,"2019",363019
"Washington",-15.4575572846881,"2020",334137
"Washington",-15.4575572846881,"2021",321430
"Washington",-15.4575572846881,"2022",311068
"West Virginia",-7.02474714267728,"1970",63153
"West Virginia",-7.02474714267728,"1980",81973
"West Virginia",-7.02474714267728,"1990",84790
"West Virginia",-7.02474714267728,"2000",87888
"West Virginia",-7.02474714267728,"2010",152431
"West Virginia",-7.02474714267728,"2012",162182
"West Virginia",-7.02474714267728,"2017",142966
"West Virginia",-7.02474714267728,"2018",140103
"West Virginia",-7.02474714267728,"2019",139159
"West Virginia",-7.02474714267728,"2020",137731
"West Virginia",-7.02474714267728,"2021",132194
"West Virginia",-7.02474714267728,"2022",132923
"Wisconsin",-7.10312341133291,"1970",202058
"Wisconsin",-7.10312341133291,"1980",269086
"Wisconsin",-7.10312341133291,"1990",299774
"Wisconsin",-7.10312341133291,"2000",307179
"Wisconsin",-7.10312341133291,"2010",384181
"Wisconsin",-7.10312341133291,"2012",369738
"Wisconsin",-7.10312341133291,"2017",340301
"Wisconsin",-7.10312341133291,"2018",336409
"Wisconsin",-7.10312341133291,"2019",332817
"Wisconsin",-7.10312341133291,"2020",318807
"Wisconsin",-7.10312341133291,"2021",315438
"Wisconsin",-7.10312341133291,"2022",316129
"Wyoming",-9.2173017507724,"1970",15220
"Wyoming",-9.2173017507724,"1980",21147
"Wyoming",-9.2173017507724,"1990",31326
"Wyoming",-9.2173017507724,"2000",30004
"Wyoming",-9.2173017507724,"2010",38298
"Wyoming",-9.2173017507724,"2012",37812
"Wyoming",-9.2173017507724,"2017",33014
"Wyoming",-9.2173017507724,"2018",32510
"Wyoming",-9.2173017507724,"2019",32373
"Wyoming",-9.2173017507724,"2020",30943
"Wyoming",-9.2173017507724,"2021",30447
"Wyoming",-9.2173017507724,"2022",29971
