Year_Raw,Section,Year,Race_Ethnicity,Enrollment_Rate
1960,Keep,1960,Total,45.1459201905896
1960,Keep,1960,White,45.814696485623
1961,Keep,1961,Total,48.0431083380601
1961,Keep,1961,White,49.5037220843672
1962,Keep,1962,Total,48.9662676822633
1962,Keep,1962,White,50.6024096385542
1963,Keep,1963,Total,45.0315910396324
1963,Keep,1963,White,45.5727554179567
1964,Keep,1964,Total,48.3449883449883
1964,Keep,1964,White,49.2362525458248
1965,Keep,1965,Total,50.9213990221888
1965,Keep,1965,White,51.6756309474555
1966,Keep,1966,Total,50.114854517611
1966,Keep,1966,White,51.7270079067832
1967,Keep,1967,Total,51.9207920792079
1967,Keep,1967,White,53.0216144684605
1968,Keep,1968,Total,55.4105909439754
1968,Keep,1968,White,56.6217976552323
1969,Keep,1969,Total,53.3427163969036
1969,Keep,1969,White,55.2403467297084
1970,Keep,1970,Total,51.7481563999466
1970,Keep,1970,White,52.0113774888257
1971,Keep,1971,Total,53.5144323969143
1971,Keep,1971,White,54.006163328197196
1972,Keep,1972,Total,49.2231164068733
1972,Keep,1972,Black,44.5588263216856
1972,Keep,1972,Hispanic,45.00024714546982
1972,Keep,1972,White,49.6985481182125
1973,Keep,1973,Total,46.5705732255824
1973,Keep,1973,Black,32.46678719741332
1973,Keep,1973,Hispanic,54.11799434909123
1973,Keep,1973,White,47.8121116015943
1974,Keep,1974,Total,47.5653872805605
1974,Keep,1974,Black,47.2362565766829
1974,Keep,1974,Hispanic,46.86106261325743
1974,Keep,1974,White,47.1779793656736
1975,Keep,1975,Total,50.7101051946058
1975,Keep,1975,Black,41.71486111387139
1975,Keep,1975,Hispanic,58.0210008228216
1975,Keep,1975,White,51.1386161707635
1976,Keep,1976,Total,48.8257494574973
1976,Keep,1976,Black,44.389944819129376
1976,Keep,1976,Hispanic,52.67475903812625
1976,Keep,1976,White,48.8206141834461
1977,Keep,1977,Total,50.6048568101229
1977,Keep,1977,Black,49.47263687722172
1977,Keep,1977,Hispanic,50.80986006236632
1977,Keep,1977,White,50.8283156976089
1978,Keep,1978,Total,50.124136483099
1978,Keep,1978,Black,46.40955633379853
1978,Keep,1978,Hispanic,41.98917616973193
1978,Keep,1978,White,50.5107072051145
1979,Keep,1979,Total,49.3396411817817
1979,Keep,1979,Black,46.6749309565654
1979,Keep,1979,Hispanic,44.95094913267245
1979,Keep,1979,White,49.9345556957466
1980,Keep,1980,Total,49.3189250739855
1980,Keep,1980,Black,42.72401618284093
1980,Keep,1980,Hispanic,52.28651962294375
1980,Keep,1980,White,49.829791948797
1981,Keep,1981,Total,53.9387009940751
1981,Keep,1981,Black,42.73542921740624
1981,Keep,1981,Hispanic,52.08213748804155
1981,Keep,1981,White,54.8915304272129
1982,Keep,1982,Total,50.5973084832706
1982,Keep,1982,Black,35.80498313533403
1982,Keep,1982,Hispanic,43.22607910337162
1982,Keep,1982,White,52.6888766889365
1983,Keep,1983,Total,52.7316901439352
1983,Keep,1983,Black,38.15473317793956
1983,Keep,1983,Hispanic,54.22626315483458
1983,Keep,1983,White,55.0478761440135
1984,Keep,1984,Total,55.2048606984432
1984,Keep,1984,Black,39.76322589136654
1984,Keep,1984,Hispanic,44.32879851373564
1984,Keep,1984,White,58.972918184926
1985,Keep,1985,Total,57.7041989925056
1985,Keep,1985,Black,42.183772502586166
1985,Keep,1985,Hispanic,51.03696448343412
1985,Keep,1985,White,60.0611432707942
1986,Keep,1986,Total,53.7855321599095
1986,Keep,1986,Black,36.92555444787912
1986,Keep,1986,Hispanic,44.031871093865696
1986,Keep,1986,White,56.8020415256835
1987,Keep,1987,Total,56.7740663136968
1987,Keep,1987,Black,52.151525965555194
1987,Keep,1987,Hispanic,33.53126031858085
1987,Keep,1987,White,58.5700265982739
1988,Keep,1988,Total,58.9190507614289
1988,Keep,1988,Black,44.35269863086113
1988,Keep,1988,Hispanic,57.100734076361846
1988,Keep,1988,White,61.1104513978771
1989,Keep,1989,Total,59.6002150101403
1989,Keep,1989,Asian,81.07537976817164
1989,Keep,1989,Black,53.38043629038582
1989,Keep,1989,Hispanic,55.11340979294008
1989,Keep,1989,White,60.7071363260699
1990,Keep,1990,Total,60.1314996661273
1990,Keep,1990,Asian,81.66192038976655
1990,Keep,1990,Black,46.81566814700081
1990,Keep,1990,Hispanic,42.734716564763275
1990,Keep,1990,White,63.0412427512316
1991,Keep,1991,Total,62.5129401177925
1991,Keep,1991,Asian,78.94497882108217
1991,Keep,1991,Black,46.42033449994355
1991,Keep,1991,Hispanic,57.17218706550411
1991,Keep,1991,White,65.3760867249341
1992,Keep,1992,Total,61.8699113378928
1992,Keep,1992,Asian,81.66137978146777
1992,Keep,1992,Black,48.21968348673096
1992,Keep,1992,Hispanic,54.95080075317366
1992,Keep,1992,White,64.3016777598933
1993,Keep,1993,Total,62.6429960233934
1993,Keep,1993,Asian,86.16251017752094
1993,Keep,1993,Black,55.58822270582774
1993,Keep,1993,Hispanic,62.202881809943925
1993,Keep,1993,White,62.9335666593558
1994,Keep,1994,Total,61.9200424571605
1994,Keep,1994,Asian,78.28780995289705
1994,Keep,1994,Black,50.77908521541089
1994,Keep,1994,Hispanic,49.0754951399547
1994,Keep,1994,White,64.5254316583576
1995,Keep,1995,Total,61.9233530335545
1995,Keep,1995,Asian,82.99611088867924
1995,Keep,1995,Black,51.1853405061043
1995,Keep,1995,Hispanic,53.683940001180794
1995,Keep,1995,White,64.3087110376197
1996,Keep,1996,Total,65.0130019160718
1996,Keep,1996,Asian,85.34303042888568
1996,Keep,1996,Black,55.962870853965434
1996,Keep,1996,Hispanic,50.832122572975834
1996,Keep,1996,White,67.4240456954917
1997,Keep,1997,Total,67.0139963559997
1997,Keep,1997,Asian,80.52046201491878
1997,Keep,1997,Black,58.52621597472053
1997,Keep,1997,Hispanic,65.59810933811953
1997,Keep,1997,White,68.1576850980386
1998,Keep,1998,Total,65.6392312546514
1998,Keep,1998,Asian,85.45747233389375
1998,Keep,1998,Black,61.9033560453619
1998,Keep,1998,Hispanic,47.38475346598938
1998,Keep,1998,White,68.5399666689736
1999,Keep,1999,Total,62.9012768913258
1999,Keep,1999,Asian,78.34248818318315
1999,Keep,1999,Black,58.93380642292468
1999,Keep,1999,Hispanic,42.29440746928628
1999,Keep,1999,White,66.2863047465366
2000,Keep,2000,Total,63.3305983752099
2000,Keep,2000,Asian,81.03366927450638
2000,Keep,2000,Black,54.86517902790531
2000,Keep,2000,Hispanic,52.93683068547125
2000,Keep,2000,White,65.6513119942705
2001,Keep,2001,Total,61.7568865131502
2001,Keep,2001,Asian,73.84629637335122
2001,Keep,2001,Black,54.955070738014925
2001,Keep,2001,Hispanic,51.67646142664313
2001,Keep,2001,White,64.2553286616897
2002,Keep,2002,Total,65.2436246338925
2002,Keep,2002,Asian,63.70608968425132
2002,Keep,2002,Black,59.3893553608188
2002,Keep,2002,Hispanic,53.55809711121908
2002,Keep,2002,White,69.0595317233642
2003\5\,Keep,2003,Total,63.909459072338
2003\5\,Keep,2003,Asian,84.08860916995678
2003\5\,Keep,2003,Black,57.48368385107054
2003\5\,Keep,2003,Hispanic,58.57601157082192
2003\5\,Keep,2003,White,66.1798887858623
2004\5\,Keep,2004,Total,66.6590603704944
2004\5\,Keep,2004,Asian,75.63274572265802
2004\5\,Keep,2004,Black,62.4963228731121
2004\5\,Keep,2004,Hispanic,61.833805681456816
2004\5\,Keep,2004,White,68.8105919779282
2005\5\,Keep,2005,Total,68.564962678533007
2005\5\,Keep,2005,Asian,86.70200443077222
2005\5\,Keep,2005,Black,55.670710471325755
2005\5\,Keep,2005,Hispanic,53.995283381610314
2005\5\,Keep,2005,White,73.1928534583196
2006\5\,Keep,2006,Total,65.9815101742713
2006\5\,Keep,2006,Asian,82.29525095226217
2006\5\,Keep,2006,Black,55.492277787495006
2006\5\,Keep,2006,Hispanic,57.94900596820807
2006\5\,Keep,2006,White,68.5100584313784
2007\5\,Keep,2007,Total,67.1867347979878
2007\5\,Keep,2007,Asian,88.80565987838237
2007\5\,Keep,2007,Black,55.74960716238459
2007\5\,Keep,2007,Hispanic,63.98221796707407
2007\5\,Keep,2007,White,69.5237001598381
2008\5\,Keep,2008,Total,68.5992604452836
2008\5\,Keep,2008,Asian,88.41668615690662
2008\5\,Keep,2008,Black,55.68372436083375
2008\5\,Keep,2008,Hispanic,63.894124031567806
2008\5\,Keep,2008,White,71.6925261288328
2009\5\,Keep,2009,Total,70.0765589306517
2009\5\,Keep,2009,Asian,92.11092731643032
2009\5\,Keep,2009,Black,69.54723236138929
2009\5\,Keep,2009,Hispanic,59.33957449948451
2009\5\,Keep,2009,White,71.3383257660928
2010\5\,Keep,2010,Total,68.0881742979676
2010\5\,Keep,2010,Asian,84.687204146124
2010\5\,Keep,2010,Black,62.04949806372542
2010\5\,Keep,2010,Hispanic,59.695450686590256
2010\5\,Keep,2010,White,70.4940637161173
2011\5\,Keep,2011,Total,68.2331226981542
2011\5\,Keep,2011,Asian,86.12536800159411
2011\5\,Keep,2011,Black,67.14377682879199
2011\5\,Keep,2011,Hispanic,66.59092085286946
2011\5\,Keep,2011,White,68.273934741326
2012\5\,Keep,2012,Total,66.2160837698441
2012\5\,Keep,2012,Asian,81.49454138177862
2012\5\,Keep,2012,Black,56.40239305306925
2012\5\,Keep,2012,Hispanic,70.29425940789457
2012\5\,Keep,2012,White,65.7178502546565
2013\5\,Keep,2013,Total,65.8925237170472
2013\5\,Keep,2013,Asian,80.12878185304038
2013\5\,Keep,2013,Black,56.70381738737533
2013\5\,Keep,2013,Hispanic,59.83481441262717
2013\5\,Keep,2013,White,68.8259235428846
2014\5\,Keep,2014,Total,68.3733170852777
2014\5\,Keep,2014,Asian,90.94909285902337
2014\5\,Keep,2014,Black,70.19799336081604
2014\5\,Keep,2014,Hispanic,65.16289848635564
2014\5\,Keep,2014,White,67.7088242356207
2015\5\,Keep,2015,Total,69.2389226668302
2015\5\,Keep,2015,Asian,83.15279483888845
2015\5\,Keep,2015,Black,55.6263574545096
2015\5\,Keep,2015,Hispanic,68.86510493643932
2015\5\,Keep,2015,White,71.3183313642626
2016\5\,Keep,2016,Total,69.7686679959284
2016\5\,Keep,2016,Asian,91.86540901901726
2016\5\,Keep,2016,Black,57.29273606427261
2016\5\,Keep,2016,Hispanic,71.96617042743367
2016\5\,Keep,2016,White,69.6782704810983
2017\5\,Keep,2017,Total,66.7171023701258
2017\5\,Keep,2017,Asian,82.72566914559292
2017\5\,Keep,2017,Black,59.40260195223751
2017\5\,Keep,2017,Hispanic,61.01679169460538
2017\5\,Keep,2017,White,69.0847248215545
2018\5\,Keep,2018,Total,69.1281629890243
2018\5\,Keep,2018,Asian,73.55601900574757
2018\5\,Keep,2018,Black,64.49695425655769
2018\5\,Keep,2018,Hispanic,65.43106578826486
2018\5\,Keep,2018,White,70.8660769138958
2019\5\,Keep,2019,Total,66.1639771116054
2019\5\,Keep,2019,Asian,89.7670709899685
2019\5\,Keep,2019,Black,49.8242416076799
2019\5\,Keep,2019,Hispanic,63.4324538037059
2019\5\,Keep,2019,White,68.0297054808206
2020\5\,Keep,2020,Total,62.7187488670065
2020\5\,Keep,2020,Asian,82.72822447147459
2020\5\,Keep,2020,Black,57.4562753941627
2020\5\,Keep,2020,Hispanic,56.1736771623033
2020\5\,Keep,2020,White,65.0117907063429
2021\5\,Keep,2021,Total,61.7961855715465
2021\5\,Keep,2021,Asian,85.2320972261106
2021\5\,Keep,2021,Black,59.2402851959329
2021\5\,Keep,2021,Hispanic,58.577306222556494
2021\5\,Keep,2021,White,62.2893826028314
2022\5\,Keep,2022,Total,62.0337645576149
2022\5\,Keep,2022,Asian,74.46899372669141
2022\5\,Keep,2022,Black,60.88417490098558
2022\5\,Keep,2022,Hispanic,58.01225556313806
2022\5\,Keep,2022,White,64.0147773081788
